1,Corty,Massen,cmassen0@jalbum.net
2,Hali,Stading,hstading1@dion.ne.jp
3,Erastus,MacVean,emacvean2@de.vu
4,Nicol,Pitchers,npitchers3@timesonline.co.uk
5,Garner,Ezzle,gezzle4@cloudflare.com
6,Kristian,Resdale,kresdale5@bigcartel.com
7,Lemar,Tresvina,ltresvina6@fema.gov
8,Garland,Absolon,gabsolon7@shinystat.com
9,Erin,Willan,ewillan8@oracle.com
10,Tressa,Messer,tmesser9@smugmug.com
11,Bill,Attwater,battwatera@wp.com
12,Tymon,Oxenford,toxenfordb@cam.ac.uk
13,Tabor,Vaune,tvaunec@symantec.com
14,Heda,Vater,hvaterd@cbslocal.com
15,Janos,Ossulton,jossultone@virginia.edu
16,Brander,Tomczynski,btomczynskif@ezinearticles.com
17,Bernardina,Lortz,blortzg@businesswire.com
18,Gerty,Ovitts,govittsh@privacy.gov.au
19,Sibel,Glaum,sglaumi@noaa.gov
20,Lona,Brayshaw,lbrayshawj@symantec.com
21,Helli,Bernardet,hbernardetk@stumbleupon.com
22,Crista,Dufour,cdufourl@senate.gov
23,Kass,Tollerton,ktollertonm@mayoclinic.com
24,Johnna,Vedenisov,jvedenisovn@devhub.com
25,Jehanna,Calbrathe,jcalbratheo@tmall.com
26,Krisha,Tunaclift,ktunacliftp@aboutads.info
27,Haze,Week,hweekq@ucoz.com
28,Lincoln,Lown,llownr@discovery.com
29,Donalt,Tatters,dtatterss@buzzfeed.com
30,D'arcy,O'Crevy,docrevyt@home.pl
31,Caryl,Beinisch,cbeinischu@wp.com
32,Deedee,Floyed,dfloyedv@hc360.com
33,Izaak,Nutley,inutleyw@adobe.com
34,Sheff,Shilvock,sshilvockx@dropbox.com
35,Larina,Jina,ljinay@dot.gov
36,Bartram,Blincowe,bblincowez@reuters.com
37,Jeane,Leasor,jleasor10@spiegel.de
38,Coraline,Gligorijevic,cgligorijevic11@huffingtonpost.com
39,Teddie,Brockhurst,tbrockhurst12@epa.gov
40,Karee,Lacknor,klacknor13@webmd.com
41,Prudi,Mulhill,pmulhill14@cam.ac.uk
42,Fairleigh,Wennam,fwennam15@netlog.com
43,Kata,Richardon,krichardon16@wikia.com
44,Danice,Bradnam,dbradnam17@merriam-webster.com
45,Benedick,Morrison,bmorrison18@loc.gov
46,Renault,Penketh,rpenketh19@ft.com
47,Daria,Elsop,delsop1a@nhs.uk
48,Ugo,Pauletti,upauletti1b@answers.com
49,Caresa,Riach,criach1c@omniture.com
50,Quintin,Petrovsky,qpetrovsky1d@opera.com
51,Gilemette,Crampton,gcrampton1e@geocities.com
52,Eldin,Sallis,esallis1f@dagondesign.com
53,Homere,Masser,hmasser1g@virginia.edu
54,Josie,Callister,jcallister1h@foxnews.com
55,Kellina,Isakovitch,kisakovitch1i@epa.gov
56,Kitty,Tarrier,ktarrier1j@kickstarter.com
57,Booth,Brosio,bbrosio1k@bloglovin.com
58,Moore,MacArthur,mmacarthur1l@privacy.gov.au
59,Ritchie,Halbeard,rhalbeard1m@mysql.com
60,Keely,D'Oyly,kdoyly1n@shareasale.com
61,Prue,Allnatt,pallnatt1o@sourceforge.net
62,Dewain,Benwell,dbenwell1p@ed.gov
63,Sheffield,Cappell,scappell1q@ameblo.jp
64,Claire,Barnewille,cbarnewille1r@unc.edu
65,Giraldo,Canner,gcanner1s@vk.com
66,Maurise,Hixson,mhixson1t@netvibes.com
67,Winthrop,Prisk,wprisk1u@wikimedia.org
68,Phil,Zeale,pzeale1v@theatlantic.com
69,Morganne,Giorgietto,mgiorgietto1w@studiopress.com
70,Vladimir,Boots,vboots1x@google.co.jp
71,Alameda,Fruish,afruish1y@geocities.jp
72,Gram,Croyser,gcroyser1z@bloglovin.com
73,Sherwood,McGuffie,smcguffie20@indiegogo.com
74,Lynnett,Bimrose,lbimrose21@economist.com
75,Putnem,Dorow,pdorow22@clickbank.net
76,Parsifal,Woltman,pwoltman23@bbc.co.uk
77,Sidoney,Enderby,senderby24@posterous.com
78,Doe,Falkner,dfalkner25@ehow.com
79,Stanford,Amar,samar26@yahoo.co.jp
80,Victoir,Walkey,vwalkey27@ameblo.jp
81,Tiphany,Mugglestone,tmugglestone28@google.it
82,Van,Morando,vmorando29@cbc.ca
83,Sibley,Bendle,sbendle2a@boston.com
84,Camala,Hazleton,chazleton2b@nsw.gov.au
85,Rosalia,Carnier,rcarnier2c@xinhuanet.com
86,Shani,Sarl,ssarl2d@nasa.gov
87,Babbette,Keast,bkeast2e@hao123.com
88,Willdon,Jeayes,wjeayes2f@storify.com
89,Sutherlan,Baxstar,sbaxstar2g@ihg.com
90,Bendicty,Standish,bstandish2h@storify.com
91,Sully,Gallamore,sgallamore2i@princeton.edu
92,Nilson,Robbert,nrobbert2j@free.fr
93,Alden,Ridgley,aridgley2k@cam.ac.uk
94,Reese,Rillatt,rrillatt2l@cloudflare.com
95,Janis,Beak,jbeak2m@freewebs.com
96,Kendre,Emblin,kemblin2n@tinyurl.com
97,Petronilla,Sandcroft,psandcroft2o@blogspot.com
98,Tilda,Lafaye,tlafaye2p@ovh.net
99,Salomone,Sandbrook,ssandbrook2q@ftc.gov
100,Nicol,Bridie,nbridie2r@ihg.com
